{"res": [{"root": {"lat": 39.8445, "lng": 116.366, "num": 0, "speed": 0, "id": 0}, "children": [{"root": {"lat": 39.846999999999994, "lng": 116.36813236018942, "num": 48, "speed": 398.313147, "id": 1}, "children": [{"root": {"lat": 39.847053478839946, "lng": 116.3692, "num": 24, "speed": 139.740304, "id": 2}, "children": [{"root": {"lat": 39.847, "lng": 116.3694162308034, "num": 6, "speed": 465.257763, "id": 3}}]}]}]}, {"root": {"lat": 39.7645, "lng": 116.5068, "num": 0, "speed": 0, "id": 3}, "children": [{"root": {"lat": 39.777, "lng": 116.50470698794447, "num": 48, "speed": 27.354874, "id": 4}}]}, {"root": {"lat": 40.2095, "lng": 116.2188, "num": 0, "speed": 0, "id": 4}, "children": [{"root": {"lat": 40.207, "lng": 116.22016397655622, "num": 48, "speed": 50.290792, "id": 5}}]}, {"root": {"lat": 40.0945, "lng": 116.2892, "num": 0, "speed": 0, "id": 5}, "children": [{"root": {"lat": 40.09375711065142, "lng": 116.29240000000001, "num": 48, "speed": 16.722729, "id": 6}, "children": [{"root": {"lat": 40.087, "lng": 116.29682171580136, "num": 6, "speed": 99.452855, "id": 7}, "children": [{"root": {"lat": 40.082, "lng": 116.2981652019183, "num": 27, "speed": 33.017917, "id": 8}, "children": [{"root": {"lat": 40.08129154870538, "lng": 116.29880000000001, "num": 18, "speed": 4.103236, "id": 9}, "children": [{"root": {"lat": 40.081999999999994, "lng": 116.30249885820572, "num": 16, "speed": 83.744829, "id": 10}, "children": [{"root": {"lat": 40.082, "lng": 116.30249885820571, "num": 25, "speed": 35.924267, "id": 11}, "children": [{"root": {"lat": 40.078288395675614, "lng": 116.30520000000001, "num": 20, "speed": 99.183641, "id": 12}}]}]}]}]}]}]}]}, {"root": {"lat": 39.9995, "lng": 116.4812, "num": 0, "speed": 0, "id": 12}, "children": [{"root": {"lat": 40.007, "lng": 116.47501671323741, "num": 48, "speed": 97.340741, "id": 13}, "children": [{"root": {"lat": 40.00709957251115, "lng": 116.4588, "num": 105, "speed": 71.10753, "id": 14}, "children": [{"root": {"lat": 40.001999999999995, "lng": 116.44664156004222, "num": 19, "speed": 13.22447, "id": 15}, "children": [{"root": {"lat": 39.997, "lng": 116.43902919522155, "num": 13, "speed": 49.343353, "id": 16}}]}]}]}]}, {"root": {"lat": 39.9745, "lng": 116.3404, "num": 0, "speed": 0, "id": 16}, "children": [{"root": {"lat": 39.979867733775116, "lng": 116.3308, "num": 48, "speed": 345.796297, "id": 17}}]}, {"root": {"lat": 39.9695, "lng": 116.4812, "num": 0, "speed": 0, "id": 17}, "children": [{"root": {"lat": 39.96646723042024, "lng": 116.4716, "num": 48, "speed": 972.189764, "id": 18}, "children": [{"root": {"lat": 39.95557607349039, "lng": 116.4652, "num": 18, "speed": 36.77221, "id": 19}, "children": [{"root": {"lat": 39.94199999999999, "lng": 116.46498017457306, "num": 27, "speed": 51.645395, "id": 20}, "children": [{"root": {"lat": 39.92699999999999, "lng": 116.4611897668992, "num": 29, "speed": 157.618, "id": 21}}]}]}]}]}, {"root": {"lat": 39.9695, "lng": 116.4044, "num": 0, "speed": 0, "id": 21}, "children": [{"root": {"lat": 39.977, "lng": 116.40109135536645, "num": 48, "speed": 156.988875, "id": 22}}]}, {"root": {"lat": 39.9545, "lng": 116.4492, "num": 0, "speed": 0, "id": 22}, "children": [{"root": {"lat": 39.94199999999999, "lng": 116.44638739493732, "num": 49, "speed": 102.486689, "id": 23}, "children": [{"root": {"lat": 39.93537813162181, "lng": 116.4396, "num": 14, "speed": 465.03582, "id": 24}}]}]}, {"root": {"lat": 39.9245, "lng": 116.6092, "num": 0, "speed": 0, "id": 24}, "children": [{"root": {"lat": 39.932, "lng": 116.59985697704138, "num": 49, "speed": 355.026382, "id": 25}, "children": [{"root": {"lat": 39.942, "lng": 116.59466383161384, "num": 23, "speed": 765.536549, "id": 26}}]}]}, {"root": {"lat": 39.9145, "lng": 116.4812, "num": 0, "speed": 0, "id": 26}, "children": [{"root": {"lat": 39.91833329126736, "lng": 116.4716, "num": 49, "speed": 131.33957, "id": 27}}]}, {"root": {"lat": 39.9145, "lng": 116.4684, "num": 0, "speed": 0, "id": 27}, "children": [{"root": {"lat": 39.916999999999994, "lng": 116.46910023500921, "num": 49, "speed": 16.118532, "id": 28}}]}, {"root": {"lat": 39.9045, "lng": 116.6348, "num": 0, "speed": 0, "id": 28}, "children": [{"root": {"lat": 39.902, "lng": 116.63676482671869, "num": 49, "speed": 135.252091, "id": 29}, "children": [{"root": {"lat": 39.897, "lng": 116.63774518470771, "num": 47, "speed": 562.062217, "id": 30}, "children": [{"root": {"lat": 39.89613766001894, "lng": 116.638, "num": 34, "speed": 1524.576808, "id": 31}}]}]}]}, {"root": {"lat": 39.8995, "lng": 116.6796, "num": 0, "speed": 0, "id": 31}, "children": [{"root": {"lat": 39.891999999999996, "lng": 116.67568888175865, "num": 49, "speed": 253.989701, "id": 32}, "children": [{"root": {"lat": 39.88332050214661, "lng": 116.6636, "num": 21, "speed": 125.986771, "id": 33}, "children": [{"root": {"lat": 39.878298015139386, "lng": 116.6508, "num": 14, "speed": 251.438577, "id": 34}, "children": [{"root": {"lat": 39.86985594385303, "lng": 116.64439999999999, "num": 40, "speed": 143.286148, "id": 35}}]}]}]}]}, {"root": {"lat": 39.7895, "lng": 116.5068, "num": 0, "speed": 0, "id": 35}, "children": [{"root": {"lat": 39.782, "lng": 116.50258332734872, "num": 49, "speed": 192.233034, "id": 36}}]}, {"root": {"lat": 40.0495, "lng": 116.2892, "num": 0, "speed": 0, "id": 36}, "children": [{"root": {"lat": 40.047000000000004, "lng": 116.29000924071734, "num": 49, "speed": 2.195641, "id": 37}, "children": [{"root": {"lat": 40.043676738770515, "lng": 116.29240000000001, "num": 25, "speed": 6.513127, "id": 38}, "children": [{"root": {"lat": 40.04195669196654, "lng": 116.29880000000001, "num": 6, "speed": 56.498078, "id": 39}}]}]}]}, {"root": {"lat": 40.0045, "lng": 116.4748, "num": 0, "speed": 0, "id": 39}, "children": [{"root": {"lat": 39.999981783116226, "lng": 116.4652, "num": 49, "speed": 228.987178, "id": 40}, "children": [{"root": {"lat": 39.99442000196572, "lng": 116.4524, "num": 70, "speed": 48.095095, "id": 41}}]}]}, {"root": {"lat": 39.9895, "lng": 116.3276, "num": 0, "speed": 0, "id": 41}, "children": [{"root": {"lat": 39.987, "lng": 116.3283303506279, "num": 49, "speed": 52.63526, "id": 42}, "children": [{"root": {"lat": 39.985272099937326, "lng": 116.33080000000001, "num": 25, "speed": 600.929143, "id": 43}, "children": [{"root": {"lat": 39.982, "lng": 116.33248636134012, "num": 7, "speed": 96.06125, "id": 44}}]}]}]}, {"root": {"lat": 39.9845, "lng": 116.4812, "num": 0, "speed": 0, "id": 44}, "children": [{"root": {"lat": 39.98145233794588, "lng": 116.4716, "num": 49, "speed": 14.782747, "id": 45}, "children": [{"root": {"lat": 39.972, "lng": 116.46124583645864, "num": 25, "speed": 28.588309, "id": 46}}]}]}, {"root": {"lat": 39.9545, "lng": 116.3468, "num": 0, "speed": 0, "id": 46}, "children": [{"root": {"lat": 39.9474627210439, "lng": 116.3372, "num": 50, "speed": 407.601933, "id": 47}}]}, {"root": {"lat": 39.9195, "lng": 116.6476, "num": 0, "speed": 0, "id": 47}, "children": [{"root": {"lat": 39.912, "lng": 116.64367882781477, "num": 50, "speed": 7.55684, "id": 48}, "children": [{"root": {"lat": 39.90063704722898, "lng": 116.63799999999999, "num": 18, "speed": 2.255458, "id": 49}, "children": [{"root": {"lat": 39.88699999999999, "lng": 116.63731810121465, "num": 44, "speed": 7.320761, "id": 50}}]}]}]}, {"root": {"lat": 39.9195, "lng": 116.4492, "num": 0, "speed": 0, "id": 50}, "children": [{"root": {"lat": 39.92031502648953, "lng": 116.45240000000001, "num": 50, "speed": 87.263451, "id": 51}}]}, {"root": {"lat": 39.9095, "lng": 116.3596, "num": 0, "speed": 0, "id": 51}, "children": [{"root": {"lat": 39.912, "lng": 116.35976582615676, "num": 50, "speed": 79.098518, "id": 52}, "children": [{"root": {"lat": 39.914832819607334, "lng": 116.36280000000001, "num": 54, "speed": 311.730902, "id": 53}}]}]}, {"root": {"lat": 40.1495, "lng": 116.2828, "num": 0, "speed": 0, "id": 53}, "children": [{"root": {"lat": 40.151999999999994, "lng": 116.28324040626094, "num": 50, "speed": 2.999402, "id": 54}, "children": [{"root": {"lat": 40.162, "lng": 116.27453028180217, "num": 21, "speed": 133.050675, "id": 55}}]}]}, {"root": {"lat": 40.0495, "lng": 116.4044, "num": 0, "speed": 0, "id": 55}, "children": [{"root": {"lat": 40.042, "lng": 116.39640040938066, "num": 50, "speed": 122.271287, "id": 56}, "children": [{"root": {"lat": 40.032, "lng": 116.38856197058584, "num": 39, "speed": 284.871844, "id": 57}}]}]}, {"root": {"lat": 39.9945, "lng": 116.4812, "num": 0, "speed": 0, "id": 57}, "children": [{"root": {"lat": 39.992, "lng": 116.46948175099568, "num": 50, "speed": 109.466215, "id": 58}, "children": [{"root": {"lat": 39.9868326996037, "lng": 116.4588, "num": 51, "speed": 8.363988, "id": 59}, "children": [{"root": {"lat": 39.98842835422686, "lng": 116.446, "num": 23, "speed": 572.599776, "id": 60}}]}]}]}, {"root": {"lat": 39.9895, "lng": 116.462, "num": 0, "speed": 0, "id": 60}, "children": [{"root": {"lat": 39.982, "lng": 116.45733058591122, "num": 50, "speed": 490.172192, "id": 61}}]}, {"root": {"lat": 39.9745, "lng": 116.3148, "num": 0, "speed": 0, "id": 61}, "children": [{"root": {"lat": 39.97310425309075, "lng": 116.31800000000001, "num": 50, "speed": 1072.108531, "id": 62}}]}, {"root": {"lat": 39.9195, "lng": 116.4748, "num": 0, "speed": 0, "id": 62}, "children": [{"root": {"lat": 39.9175699332712, "lng": 116.47800000000001, "num": 51, "speed": 79.948455, "id": 63}}]}, {"root": {"lat": 39.9095, "lng": 116.4236, "num": 0, "speed": 0, "id": 63}, "children": [{"root": {"lat": 39.922000000000004, "lng": 116.42266306689811, "num": 51, "speed": 100.39344, "id": 64}, "children": [{"root": {"lat": 39.927, "lng": 116.42385763069286, "num": 17, "speed": 237.426127, "id": 65}, "children": [{"root": {"lat": 39.937, "lng": 116.41993833570713, "num": 75, "speed": 207.016746, "id": 66}, "children": [{"root": {"lat": 39.94199999999999, "lng": 116.4049391420491, "num": 38, "speed": 109.815451, "id": 67}}]}]}]}]}, {"root": {"lat": 39.8995, "lng": 116.686, "num": 0, "speed": 0, "id": 67}, "children": [{"root": {"lat": 39.897, "lng": 116.68722356776328, "num": 51, "speed": 27.983939, "id": 68}}]}, {"root": {"lat": 40.0545, "lng": 116.2892, "num": 0, "speed": 0, "id": 68}, "children": [{"root": {"lat": 40.056999999999995, "lng": 116.2904801160997, "num": 51, "speed": 97.719134, "id": 69}}]}, {"root": {"lat": 40.0445, "lng": 116.6092, "num": 0, "speed": 0, "id": 69}, "children": [{"root": {"lat": 40.037, "lng": 116.6025263258922, "num": 51, "speed": 9.61275, "id": 70}}]}, {"root": {"lat": 39.9995, "lng": 116.4108, "num": 0, "speed": 0, "id": 70}, "children": [{"root": {"lat": 39.986999999999995, "lng": 116.40946862484613, "num": 51, "speed": 262.53626, "id": 71}}]}, {"root": {"lat": 39.9245, "lng": 116.4364, "num": 0, "speed": 0, "id": 71}, "children": [{"root": {"lat": 39.926542160981015, "lng": 116.43960000000001, "num": 52, "speed": 49.069652, "id": 72}}]}, {"root": {"lat": 39.8795, "lng": 116.366, "num": 0, "speed": 0, "id": 72}, "children": [{"root": {"lat": 39.887, "lng": 116.35699885414974, "num": 52, "speed": 33.935817, "id": 73}, "children": [{"root": {"lat": 39.89381591294472, "lng": 116.35, "num": 35, "speed": 38.486648, "id": 74}, "children": [{"root": {"lat": 39.893815912944774, "lng": 116.35000000000001, "num": 25, "speed": 61.817959, "id": 75}, "children": [{"root": {"lat": 39.897, "lng": 116.35192744252691, "num": 38, "speed": 154.721046, "id": 76}}]}]}]}]}, {"root": {"lat": 39.7645, "lng": 116.3276, "num": 0, "speed": 0, "id": 76}, "children": [{"root": {"lat": 39.766999999999996, "lng": 116.32862173438654, "num": 52, "speed": 386.957179, "id": 77}, "children": [{"root": {"lat": 39.772, "lng": 116.33017679238311, "num": 18, "speed": 621.581183, "id": 78}, "children": [{"root": {"lat": 39.77402790638806, "lng": 116.33080000000001, "num": 10, "speed": 1051.861941, "id": 79}}]}]}]}, {"root": {"lat": 40.1295, "lng": 116.654, "num": 0, "speed": 0, "id": 79}, "children": [{"root": {"lat": 40.13022057172613, "lng": 116.65720000000002, "num": 52, "speed": 872.35536, "id": 80}, "children": [{"root": {"lat": 40.13699999999999, "lng": 116.65974885024032, "num": 20, "speed": 11.675574, "id": 81}}]}]}, {"root": {"lat": 40.0545, "lng": 116.6092, "num": 0, "speed": 0, "id": 81}, "children": [{"root": {"lat": 40.05101281335447, "lng": 116.5996, "num": 52, "speed": 293.558003, "id": 82}, "children": [{"root": {"lat": 40.057, "lng": 116.59154833335751, "num": 13, "speed": 101.42682, "id": 83}}]}]}, {"root": {"lat": 39.9895, "lng": 116.334, "num": 0, "speed": 0, "id": 83}, "children": [{"root": {"lat": 39.98769522099977, "lng": 116.33720000000001, "num": 52, "speed": 21.160156, "id": 84}}]}, {"root": {"lat": 39.9745, "lng": 116.3724, "num": 0, "speed": 0, "id": 84}, "children": [{"root": {"lat": 39.974772391496764, "lng": 116.3564, "num": 52, "speed": 78.938954, "id": 85}, "children": [{"root": {"lat": 39.967, "lng": 116.34711869434396, "num": 28, "speed": 51.582666, "id": 86}, "children": [{"root": {"lat": 39.96346633577547, "lng": 116.3308, "num": 18, "speed": 5.715475, "id": 87}, "children": [{"root": {"lat": 39.96340549067125, "lng": 116.3116, "num": 23, "speed": 74.700807, "id": 88}, "children": [{"root": {"lat": 39.97017215929855, "lng": 116.2988, "num": 19, "speed": 161.365968, "id": 89}}]}]}]}]}]}, {"root": {"lat": 39.9145, "lng": 116.4748, "num": 0, "speed": 0, "id": 89}, "children": [{"root": {"lat": 39.916999999999994, "lng": 116.47788485834178, "num": 53, "speed": 504.303839, "id": 90}}]}, {"root": {"lat": 39.9095, "lng": 116.4684, "num": 0, "speed": 0, "id": 90}, "children": [{"root": {"lat": 39.91692613708773, "lng": 116.4588, "num": 53, "speed": 748.518985, "id": 91}}]}, {"root": {"lat": 39.9095, "lng": 116.4492, "num": 0, "speed": 0, "id": 91}, "children": [{"root": {"lat": 39.917, "lng": 116.44458309039305, "num": 53, "speed": 608.255054, "id": 92}, "children": [{"root": {"lat": 39.920290553411434, "lng": 116.44600000000001, "num": 112, "speed": 84.42089, "id": 93}, "children": [{"root": {"lat": 39.932, "lng": 116.44309328127386, "num": 34, "speed": 50.997862, "id": 94}, "children": [{"root": {"lat": 39.93917660600659, "lng": 116.4332, "num": 12, "speed": 460.652648, "id": 95}}]}]}]}]}, {"root": {"lat": 39.9045, "lng": 116.366, "num": 0, "speed": 0, "id": 95}, "children": [{"root": {"lat": 39.90507696702857, "lng": 116.35, "num": 53, "speed": 257.802661, "id": 96}}]}, {"root": {"lat": 39.9045, "lng": 116.27, "num": 0, "speed": 0, "id": 96}, "children": [{"root": {"lat": 39.9032808286141, "lng": 116.27320000000002, "num": 53, "speed": 457.657286, "id": 97}, "children": [{"root": {"lat": 39.901999999999994, "lng": 116.27156656635829, "num": 16, "speed": 66.747177, "id": 98}}]}]}, {"root": {"lat": 39.8795, "lng": 116.6668, "num": 0, "speed": 0, "id": 98}, "children": [{"root": {"lat": 39.88076854894318, "lng": 116.67000000000002, "num": 53, "speed": 47.429255, "id": 99}}]}, {"root": {"lat": 39.8245, "lng": 116.2828, "num": 0, "speed": 0, "id": 99}, "children": [{"root": {"lat": 39.832, "lng": 116.27354408038006, "num": 53, "speed": 33.914966, "id": 100}}]}, {"root": {"lat": 40.1095, "lng": 116.654, "num": 0, "speed": 0, "id": 100}, "children": [{"root": {"lat": 40.102, "lng": 116.64829516028722, "num": 53, "speed": 119.142621, "id": 101}, "children": [{"root": {"lat": 40.095778360092396, "lng": 116.63799999999999, "num": 8, "speed": 5.512542, "id": 102}, "children": [{"root": {"lat": 40.081999999999994, "lng": 116.6330370037265, "num": 6, "speed": 4.559369, "id": 103}}]}]}]}, {"root": {"lat": 39.9595, "lng": 116.462, "num": 0, "speed": 0, "id": 103}, "children": [{"root": {"lat": 39.960449290553406, "lng": 116.46520000000001, "num": 54, "speed": 472.589773, "id": 104}}]}, {"root": {"lat": 39.9245, "lng": 116.4556, "num": 0, "speed": 0, "id": 104}, "children": [{"root": {"lat": 39.927, "lng": 116.4557634833831, "num": 54, "speed": 198.684284, "id": 105}, "children": [{"root": {"lat": 39.936400642530465, "lng": 116.446, "num": 29, "speed": 175.462174, "id": 106}, "children": [{"root": {"lat": 39.947, "lng": 116.44507214791543, "num": 48, "speed": 258.410076, "id": 107}}]}]}]}, {"root": {"lat": 39.8345, "lng": 116.366, "num": 0, "speed": 0, "id": 107}, "children": [{"root": {"lat": 39.836999999999996, "lng": 116.36867980649417, "num": 54, "speed": 474.450817, "id": 108}, "children": [{"root": {"lat": 39.83767226147244, "lng": 116.3692, "num": 17, "speed": 1085.245454, "id": 109}}]}]}, {"root": {"lat": 39.9545, "lng": 116.3148, "num": 0, "speed": 0, "id": 109}, "children": [{"root": {"lat": 39.95613228512037, "lng": 116.2988, "num": 54, "speed": 465.704833, "id": 110}, "children": [{"root": {"lat": 39.950010122178064, "lng": 116.286, "num": 17, "speed": 11.555532, "id": 111}}]}]}, {"root": {"lat": 40.0395, "lng": 116.27, "num": 0, "speed": 0, "id": 111}, "children": [{"root": {"lat": 40.037, "lng": 116.27129783917407, "num": 54, "speed": 95.818169, "id": 112}, "children": [{"root": {"lat": 40.03589829524622, "lng": 116.27320000000002, "num": 10, "speed": 16.226767, "id": 113}, "children": [{"root": {"lat": 40.032000000000004, "lng": 116.27478346732907, "num": 23, "speed": 8.739303, "id": 114}}]}]}]}, {"root": {"lat": 40.0345, "lng": 116.3084, "num": 0, "speed": 0, "id": 114}, "children": [{"root": {"lat": 40.03352962857692, "lng": 116.31160000000001, "num": 54, "speed": 309.028118, "id": 115}, "children": [{"root": {"lat": 40.032, "lng": 116.30593976507119, "num": 12, "speed": 28.25073, "id": 116}}]}]}, {"root": {"lat": 40.0095, "lng": 116.4812, "num": 0, "speed": 0, "id": 116}, "children": [{"root": {"lat": 40.016999999999996, "lng": 116.47447122918126, "num": 54, "speed": 26.203999, "id": 117}}]}, {"root": {"lat": 39.9895, "lng": 116.4748, "num": 0, "speed": 0, "id": 117}, "children": [{"root": {"lat": 39.98423383967361, "lng": 116.4652, "num": 54, "speed": 52.045829, "id": 118}, "children": [{"root": {"lat": 39.981842054643096, "lng": 116.4524, "num": 32, "speed": 254.730383, "id": 119}}]}]}, {"root": {"lat": 39.9195, "lng": 116.4428, "num": 0, "speed": 0, "id": 119}, "children": [{"root": {"lat": 39.917, "lng": 116.44431677228664, "num": 55, "speed": 830.75445, "id": 120}}]}, {"root": {"lat": 39.8245, "lng": 116.2892, "num": 0, "speed": 0, "id": 120}, "children": [{"root": {"lat": 39.82840566267505, "lng": 116.2796, "num": 55, "speed": 13.228639, "id": 121}, "children": [{"root": {"lat": 39.831999999999994, "lng": 116.26575613307556, "num": 42, "speed": 101.952221, "id": 122}, "children": [{"root": {"lat": 39.842, "lng": 116.2558553978073, "num": 18, "speed": 28.524278, "id": 123}, "children": [{"root": {"lat": 39.84908927020003, "lng": 116.24759999999999, "num": 11, "speed": 5.388322, "id": 124}}]}]}]}]}, {"root": {"lat": 40.0695, "lng": 116.3532, "num": 0, "speed": 0, "id": 124}, "children": [{"root": {"lat": 40.056999999999995, "lng": 116.35290959659108, "num": 55, "speed": 19.992821, "id": 125}, "children": [{"root": {"lat": 40.052, "lng": 116.3555652422272, "num": 21, "speed": 156.628491, "id": 126}}]}]}, {"root": {"lat": 40.0445, "lng": 116.2764, "num": 0, "speed": 0, "id": 126}, "children": [{"root": {"lat": 40.057, "lng": 116.27550598454863, "num": 55, "speed": 30.467851, "id": 127}}]}, {"root": {"lat": 40.0095, "lng": 116.4684, "num": 0, "speed": 0, "id": 127}, "children": [{"root": {"lat": 40.001999999999995, "lng": 116.46143388203149, "num": 55, "speed": 148.361756, "id": 128}}]}, {"root": {"lat": 39.9995, "lng": 116.334, "num": 0, "speed": 0, "id": 128}, "children": [{"root": {"lat": 40.001999999999995, "lng": 116.33622521172316, "num": 55, "speed": 325.757538, "id": 129}, "children": [{"root": {"lat": 40.002314519398176, "lng": 116.33720000000001, "num": 12, "speed": 6.866868, "id": 130}}]}]}, {"root": {"lat": 39.9895, "lng": 116.4684, "num": 0, "speed": 0, "id": 130}, "children": [{"root": {"lat": 39.990800765013404, "lng": 116.47160000000001, "num": 55, "speed": 209.395108, "id": 131}}]}, {"root": {"lat": 39.9695, "lng": 116.4428, "num": 0, "speed": 0, "id": 131}, "children": [{"root": {"lat": 39.967, "lng": 116.44291976975614, "num": 55, "speed": 393.283617, "id": 132}, "children": [{"root": {"lat": 39.962, "lng": 116.44310352379011, "num": 48, "speed": 504.285869, "id": 133}, "children": [{"root": {"lat": 39.957, "lng": 116.44362983031817, "num": 10, "speed": 5383.075218, "id": 134}, "children": [{"root": {"lat": 39.946999999999996, "lng": 116.43514988947689, "num": 29, "speed": 957.062114, "id": 135}}]}]}]}]}, {"root": {"lat": 39.9345, "lng": 116.4556, "num": 0, "speed": 0, "id": 135}, "children": [{"root": {"lat": 39.937, "lng": 116.45686012766315, "num": 56, "speed": 172.377041, "id": 136}}]}, {"root": {"lat": 39.9145, "lng": 116.686, "num": 0, "speed": 0, "id": 136}, "children": [{"root": {"lat": 39.922, "lng": 116.68252415959441, "num": 56, "speed": 138.634578, "id": 137}}]}, {"root": {"lat": 39.8395, "lng": 116.2828, "num": 0, "speed": 0, "id": 137}, "children": [{"root": {"lat": 39.84152738187407, "lng": 116.28600000000002, "num": 56, "speed": 179.037401, "id": 138}, "children": [{"root": {"lat": 39.846999999999994, "lng": 116.28834681645377, "num": 15, "speed": 1931.99918, "id": 139}}]}]}, {"root": {"lat": 39.8345, "lng": 116.2828, "num": 0, "speed": 0, "id": 139}, "children": [{"root": {"lat": 39.8345018656, "lng": 116.28600000000002, "num": 56, "speed": 37.020969, "id": 140}, "children": [{"root": {"lat": 39.8361623098571, "lng": 116.29240000000001, "num": 12, "speed": 139.749166, "id": 141}, "children": [{"root": {"lat": 39.842, "lng": 116.29612667766641, "num": 13, "speed": 164.510594, "id": 142}, "children": [{"root": {"lat": 39.84380079708692, "lng": 116.29880000000001, "num": 16, "speed": 455.288089, "id": 143}, "children": [{"root": {"lat": 39.84386968428238, "lng": 116.30520000000001, "num": 10, "speed": 1572.511881, "id": 144}, "children": [{"root": {"lat": 39.846999999999994, "lng": 116.30902445767421, "num": 6, "speed": 299.08256, "id": 145}, "children": [{"root": {"lat": 39.847, "lng": 116.30902445767387, "num": 12, "speed": 723.341463, "id": 146}}]}]}]}]}]}]}]}, {"root": {"lat": 39.9345, "lng": 116.3468, "num": 0, "speed": 0, "id": 146}, "children": [{"root": {"lat": 39.928846040157225, "lng": 116.3372, "num": 56, "speed": 88.386437, "id": 147}, "children": [{"root": {"lat": 39.916999999999994, "lng": 116.334358483354, "num": 20, "speed": 388.953634, "id": 148}, "children": [{"root": {"lat": 39.907, "lng": 116.32969394559042, "num": 18, "speed": 23.952673, "id": 149}, "children": [{"root": {"lat": 39.897, "lng": 116.32347005446293, "num": 8, "speed": 339.852352, "id": 150}, "children": [{"root": {"lat": 39.882, "lng": 116.32257755419997, "num": 6, "speed": 160.314616, "id": 151}}]}]}]}]}]}, {"root": {"lat": 39.7395, "lng": 116.334, "num": 0, "speed": 0, "id": 151}, "children": [{"root": {"lat": 39.737, "lng": 116.3356901010201, "num": 56, "speed": 7.664822, "id": 152}}]}, {"root": {"lat": 39.9295, "lng": 116.5324, "num": 0, "speed": 0, "id": 152}, "children": [{"root": {"lat": 39.927, "lng": 116.52145217293656, "num": 57, "speed": 426.819406, "id": 153}}]}, {"root": {"lat": 40.0695, "lng": 116.334, "num": 0, "speed": 0, "id": 153}, "children": [{"root": {"lat": 40.071896976371974, "lng": 116.33720000000001, "num": 57, "speed": 48.39173, "id": 154}, "children": [{"root": {"lat": 40.077, "lng": 116.33783455279669, "num": 13, "speed": 7.079768, "id": 155}}]}]}, {"root": {"lat": 39.9845, "lng": 116.4748, "num": 0, "speed": 0, "id": 155}, "children": [{"root": {"lat": 39.992, "lng": 116.46739299315253, "num": 57, "speed": 20.002399, "id": 156}}]}, {"root": {"lat": 39.9845, "lng": 116.3276, "num": 0, "speed": 0, "id": 156}, "children": [{"root": {"lat": 39.986999999999995, "lng": 116.33034707123383, "num": 57, "speed": 359.363782, "id": 157}, "children": [{"root": {"lat": 39.98756331809988, "lng": 116.33080000000001, "num": 24, "speed": 100.754128, "id": 158}}]}]}, {"root": {"lat": 39.9545, "lng": 116.4556, "num": 0, "speed": 0, "id": 158}, "children": [{"root": {"lat": 39.95321010046491, "lng": 116.4396, "num": 58, "speed": 247.009494, "id": 159}}]}, {"root": {"lat": 39.9045, "lng": 116.4428, "num": 0, "speed": 0, "id": 159}, "children": [{"root": {"lat": 39.902, "lng": 116.44344314596486, "num": 58, "speed": 464.320925, "id": 160}}]}, {"root": {"lat": 39.9595, "lng": 116.4492, "num": 0, "speed": 0, "id": 160}, "children": [{"root": {"lat": 39.967, "lng": 116.43978043741411, "num": 59, "speed": 310.593239, "id": 161}}]}, {"root": {"lat": 39.9045, "lng": 116.5068, "num": 0, "speed": 0, "id": 161}, "children": [{"root": {"lat": 39.902901080322124, "lng": 116.51, "num": 59, "speed": 460.332631, "id": 162}, "children": [{"root": {"lat": 39.89823575080356, "lng": 116.5164, "num": 11, "speed": 21.526607, "id": 163}}]}]}, {"root": {"lat": 39.8895, "lng": 116.3468, "num": 0, "speed": 0, "id": 163}, "children": [{"root": {"lat": 39.902, "lng": 116.34626028502537, "num": 59, "speed": 77.892204, "id": 164}}]}, {"root": {"lat": 39.8845, "lng": 116.6604, "num": 0, "speed": 0, "id": 164}, "children": [{"root": {"lat": 39.882, "lng": 116.64783490537512, "num": 59, "speed": 159.727929, "id": 165}}]}, {"root": {"lat": 39.9245, "lng": 116.43, "num": 0, "speed": 0, "id": 165}, "children": [{"root": {"lat": 39.932, "lng": 116.423443625221, "num": 60, "speed": 233.25785, "id": 166}}]}, {"root": {"lat": 39.9045, "lng": 116.3596, "num": 0, "speed": 0, "id": 166}, "children": [{"root": {"lat": 39.9044984672, "lng": 116.36280000000001, "num": 60, "speed": 56.229727, "id": 167}}]}, {"root": {"lat": 39.8995, "lng": 116.654, "num": 0, "speed": 0, "id": 167}, "children": [{"root": {"lat": 39.901999999999994, "lng": 116.65558659443505, "num": 60, "speed": 40.92514, "id": 168}, "children": [{"root": {"lat": 39.90554940958635, "lng": 116.65720000000002, "num": 21, "speed": 56.406741, "id": 169}}]}]}, {"root": {"lat": 39.8995, "lng": 116.3596, "num": 0, "speed": 0, "id": 169}, "children": [{"root": {"lat": 39.901999999999994, "lng": 116.35987773557531, "num": 60, "speed": 15.065504, "id": 170}}]}, {"root": {"lat": 39.8895, "lng": 116.6476, "num": 0, "speed": 0, "id": 170}, "children": [{"root": {"lat": 39.884638081455954, "lng": 116.63799999999999, "num": 61, "speed": 322.049563, "id": 171}, "children": [{"root": {"lat": 39.88699999999999, "lng": 116.61969363156204, "num": 16, "speed": 606.166681, "id": 172}, "children": [{"root": {"lat": 39.882, "lng": 116.61332555098623, "num": 10, "speed": 1887.594137, "id": 173}}]}]}]}, {"root": {"lat": 39.9945, "lng": 116.3276, "num": 0, "speed": 0, "id": 173}, "children": [{"root": {"lat": 39.9946511379677, "lng": 116.33080000000001, "num": 61, "speed": 79.299311, "id": 174}}]}, {"root": {"lat": 39.9745, "lng": 116.3276, "num": 0, "speed": 0, "id": 174}, "children": [{"root": {"lat": 39.972, "lng": 116.32975185986125, "num": 61, "speed": 320.878597, "id": 175}}]}, {"root": {"lat": 39.9745, "lng": 116.3084, "num": 0, "speed": 0, "id": 175}, "children": [{"root": {"lat": 39.96241401445592, "lng": 116.3052, "num": 61, "speed": 28.851853, "id": 176}}]}, {"root": {"lat": 40.0395, "lng": 116.2828, "num": 0, "speed": 0, "id": 176}, "children": [{"root": {"lat": 40.037, "lng": 116.28469167210072, "num": 62, "speed": 38.841461, "id": 177}}]}, {"root": {"lat": 40.0345, "lng": 116.4108, "num": 0, "speed": 0, "id": 177}, "children": [{"root": {"lat": 40.032000000000004, "lng": 116.41156528808766, "num": 62, "speed": 248.932576, "id": 178}, "children": [{"root": {"lat": 40.01867720750066, "lng": 116.4076, "num": 85, "speed": 38.229307, "id": 179}, "children": [{"root": {"lat": 40.0102980550845, "lng": 116.4012, "num": 20, "speed": 25.477798, "id": 180}}]}]}]}, {"root": {"lat": 39.9245, "lng": 116.5132, "num": 0, "speed": 0, "id": 180}, "children": [{"root": {"lat": 39.932, "lng": 116.5083056682381, "num": 63, "speed": 732.402878, "id": 181}, "children": [{"root": {"lat": 39.93662136883235, "lng": 116.51, "num": 10, "speed": 163.328913, "id": 182}, "children": [{"root": {"lat": 39.946999999999996, "lng": 116.50745176603063, "num": 14, "speed": 11.594303, "id": 183}, "children": [{"root": {"lat": 39.95780513178806, "lng": 116.50359999999999, "num": 10, "speed": 84.680273, "id": 184}, "children": [{"root": {"lat": 39.96663524196413, "lng": 116.4908, "num": 12, "speed": 1028.470102, "id": 185}, "children": [{"root": {"lat": 39.977000000000004, "lng": 116.48569340092997, "num": 13, "speed": 579.400793, "id": 186}, "children": [{"root": {"lat": 39.982, "lng": 116.48899079195309, "num": 30, "speed": 163.148605, "id": 187}}]}]}]}]}]}]}]}, {"root": {"lat": 39.9145, "lng": 116.462, "num": 0, "speed": 0, "id": 187}, "children": [{"root": {"lat": 39.91389820833316, "lng": 116.46520000000001, "num": 63, "speed": 147.335112, "id": 188}}]}, {"root": {"lat": 40.0795, "lng": 116.334, "num": 0, "speed": 0, "id": 188}, "children": [{"root": {"lat": 40.07914581167688, "lng": 116.33720000000001, "num": 63, "speed": 422.131804, "id": 189}}]}, {"root": {"lat": 40.0695, "lng": 116.3276, "num": 0, "speed": 0, "id": 189}, "children": [{"root": {"lat": 40.06356124539643, "lng": 116.318, "num": 64, "speed": 43.805809, "id": 190}, "children": [{"root": {"lat": 40.05199999999999, "lng": 116.31554425653104, "num": 8, "speed": 22.521476, "id": 191}}]}]}, {"root": {"lat": 40.0495, "lng": 116.2764, "num": 0, "speed": 0, "id": 191}, "children": [{"root": {"lat": 40.05396200612461, "lng": 116.2668, "num": 64, "speed": 288.513594, "id": 192}, "children": [{"root": {"lat": 40.05651529023504, "lng": 116.2476, "num": 9, "speed": 21.734525, "id": 193}}]}]}, {"root": {"lat": 40.0445, "lng": 116.2828, "num": 0, "speed": 0, "id": 193}, "children": [{"root": {"lat": 40.047, "lng": 116.28360973423885, "num": 65, "speed": 39.475765, "id": 194}}]}, {"root": {"lat": 39.9745, "lng": 116.3468, "num": 0, "speed": 0, "id": 194}, "children": [{"root": {"lat": 39.967, "lng": 116.34354339964307, "num": 65, "speed": 332.264312, "id": 195}, "children": [{"root": {"lat": 39.96691165106907, "lng": 116.34360000000001, "num": 24, "speed": 324.454941, "id": 196}}]}]}, {"root": {"lat": 40.1295, "lng": 116.6476, "num": 0, "speed": 0, "id": 196}, "children": [{"root": {"lat": 40.132, "lng": 116.6504730671968, "num": 66, "speed": 13.447002, "id": 197}, "children": [{"root": {"lat": 40.13201783418662, "lng": 116.6508, "num": 26, "speed": 75.060591, "id": 198}}]}]}, {"root": {"lat": 39.8845, "lng": 116.4556, "num": 0, "speed": 0, "id": 198}, "children": [{"root": {"lat": 39.88699999999999, "lng": 116.45711329078412, "num": 68, "speed": 352.439663, "id": 199}, "children": [{"root": {"lat": 39.887744411071985, "lng": 116.45880000000001, "num": 35, "speed": 200.057887, "id": 200}}]}]}, {"root": {"lat": 40.0445, "lng": 116.2956, "num": 0, "speed": 0, "id": 200}, "children": [{"root": {"lat": 40.046323730647366, "lng": 116.29880000000001, "num": 68, "speed": 40.313865, "id": 201}, "children": [{"root": {"lat": 40.047000000000004, "lng": 116.29079260153473, "num": 37, "speed": 37.372914, "id": 202}, "children": [{"root": {"lat": 40.047, "lng": 116.29079260153472, "num": 24, "speed": 2.842914, "id": 203}}]}]}]}, {"root": {"lat": 39.9495, "lng": 116.4556, "num": 0, "speed": 0, "id": 203}, "children": [{"root": {"lat": 39.953448911728294, "lng": 116.446, "num": 69, "speed": 34.43722, "id": 204}}]}, {"root": {"lat": 39.9295, "lng": 116.27, "num": 0, "speed": 0, "id": 204}, "children": [{"root": {"lat": 39.92872319956121, "lng": 116.27320000000002, "num": 69, "speed": 64.309535, "id": 205}, "children": [{"root": {"lat": 39.927, "lng": 116.2286854814141, "num": 10, "speed": 44.57174, "id": 206}, "children": [{"root": {"lat": 39.93100136196119, "lng": 116.2348, "num": 9, "speed": 365.509552, "id": 207}, "children": [{"root": {"lat": 39.932, "lng": 116.2293324572933, "num": 11, "speed": 54.504156, "id": 208}}]}]}]}]}, {"root": {"lat": 39.9745, "lng": 116.302, "num": 0, "speed": 0, "id": 208}, "children": [{"root": {"lat": 39.967, "lng": 116.29824658657847, "num": 70, "speed": 182.043036, "id": 209}}]}, {"root": {"lat": 39.8445, "lng": 116.4236, "num": 0, "speed": 0, "id": 209}, "children": [{"root": {"lat": 39.84629193457069, "lng": 116.42680000000001, "num": 71, "speed": 843.140881, "id": 210}, "children": [{"root": {"lat": 39.852, "lng": 116.4287109391295, "num": 18, "speed": 134.260452, "id": 211}}]}]}, {"root": {"lat": 39.9395, "lng": 116.43, "num": 0, "speed": 0, "id": 211}, "children": [{"root": {"lat": 39.941246891640944, "lng": 116.43320000000001, "num": 72, "speed": 143.085972, "id": 212}}]}, {"root": {"lat": 39.9245, "lng": 116.5964, "num": 0, "speed": 0, "id": 212}, "children": [{"root": {"lat": 39.912, "lng": 116.59559077202276, "num": 72, "speed": 8.481101, "id": 213}, "children": [{"root": {"lat": 39.907000000000004, "lng": 116.58668930490279, "num": 24, "speed": 342.651918, "id": 214}, "children": [{"root": {"lat": 39.90262444308153, "lng": 116.5676, "num": 8, "speed": 3484.365353, "id": 215}, "children": [{"root": {"lat": 39.9019059632312, "lng": 116.5548, "num": 13, "speed": 298.204231, "id": 216}}]}]}]}]}, {"root": {"lat": 39.8295, "lng": 116.2828, "num": 0, "speed": 0, "id": 216}, "children": [{"root": {"lat": 39.831999999999994, "lng": 116.28386475644325, "num": 72, "speed": 180.445297, "id": 217}}]}, {"root": {"lat": 39.9995, "lng": 116.4044, "num": 0, "speed": 0, "id": 217}, "children": [{"root": {"lat": 39.997422433188056, "lng": 116.40760000000002, "num": 72, "speed": 95.734208, "id": 218}, "children": [{"root": {"lat": 39.996760801076235, "lng": 116.41400000000002, "num": 33, "speed": 207.889921, "id": 219}}]}]}, {"root": {"lat": 39.9395, "lng": 116.3468, "num": 0, "speed": 0, "id": 219}, "children": [{"root": {"lat": 39.937, "lng": 116.3498841591234, "num": 75, "speed": 526.140509, "id": 220}, "children": [{"root": {"lat": 39.93699600482353, "lng": 116.35000000000001, "num": 27, "speed": 222.723051, "id": 221}, "children": [{"root": {"lat": 39.937, "lng": 116.35000524565963, "num": 13, "speed": 231.57458, "id": 222}}]}]}]}, {"root": {"lat": 39.9045, "lng": 116.2188, "num": 0, "speed": 0, "id": 222}, "children": [{"root": {"lat": 39.904505312, "lng": 116.2028, "num": 75, "speed": 71.011159, "id": 223}, "children": [{"root": {"lat": 39.912, "lng": 116.19377623940113, "num": 19, "speed": 3.248897, "id": 224}, "children": [{"root": {"lat": 39.922, "lng": 116.18716949955184, "num": 38, "speed": 149.040275, "id": 225}}]}]}]}, {"root": {"lat": 39.9945, "lng": 116.462, "num": 0, "speed": 0, "id": 225}, "children": [{"root": {"lat": 39.992, "lng": 116.4633468283862, "num": 75, "speed": 36.274608, "id": 226}}]}, {"root": {"lat": 39.7895, "lng": 116.3212, "num": 0, "speed": 0, "id": 226}, "children": [{"root": {"lat": 39.791999999999994, "lng": 116.32208282955116, "num": 76, "speed": 377.209365, "id": 227}}]}, {"root": {"lat": 39.9995, "lng": 116.4748, "num": 0, "speed": 0, "id": 227}, "children": [{"root": {"lat": 40.007, "lng": 116.46731164760844, "num": 76, "speed": 153.372651, "id": 228}}]}, {"root": {"lat": 39.9995, "lng": 116.462, "num": 0, "speed": 0, "id": 228}, "children": [{"root": {"lat": 40.007, "lng": 116.4579085495672, "num": 76, "speed": 56.080867, "id": 229}}]}, {"root": {"lat": 39.8945, "lng": 116.4556, "num": 0, "speed": 0, "id": 229}, "children": [{"root": {"lat": 39.897, "lng": 116.45720530209398, "num": 77, "speed": 310.568177, "id": 230}, "children": [{"root": {"lat": 39.90088899388076, "lng": 116.45880000000001, "num": 46, "speed": 78.766678, "id": 231}}]}]}, {"root": {"lat": 39.9045, "lng": 116.206, "num": 0, "speed": 0, "id": 231}, "children": [{"root": {"lat": 39.902, "lng": 116.20821416539542, "num": 78, "speed": 303.462649, "id": 232}, "children": [{"root": {"lat": 39.89933684116553, "lng": 116.20920000000001, "num": 9, "speed": 16.200505, "id": 233}}]}]}, {"root": {"lat": 40.0545, "lng": 116.2956, "num": 0, "speed": 0, "id": 233}, "children": [{"root": {"lat": 40.051097605015315, "lng": 116.286, "num": 79, "speed": 27.634919, "id": 234}}]}, {"root": {"lat": 40.0395, "lng": 116.302, "num": 0, "speed": 0, "id": 234}, "children": [{"root": {"lat": 40.041999999999994, "lng": 116.30442876970545, "num": 81, "speed": 273.260002, "id": 235}}]}, {"root": {"lat": 39.9645, "lng": 116.3148, "num": 0, "speed": 0, "id": 235}, "children": [{"root": {"lat": 39.957, "lng": 116.30777255667228, "num": 81, "speed": 119.885261, "id": 236}, "children": [{"root": {"lat": 39.95584293330125, "lng": 116.2924, "num": 37, "speed": 298.005809, "id": 237}}]}]}, {"root": {"lat": 40.0345, "lng": 116.302, "num": 0, "speed": 0, "id": 237}, "children": [{"root": {"lat": 40.033709465046854, "lng": 116.30520000000001, "num": 82, "speed": 107.163567, "id": 238}, "children": [{"root": {"lat": 40.0298809901688, "lng": 116.31160000000001, "num": 33, "speed": 377.352252, "id": 239}, "children": [{"root": {"lat": 40.027, "lng": 116.31203084552807, "num": 27, "speed": 208.89966, "id": 240}}]}]}]}, {"root": {"lat": 39.9845, "lng": 116.302, "num": 0, "speed": 0, "id": 240}, "children": [{"root": {"lat": 39.98622412321903, "lng": 116.30520000000001, "num": 82, "speed": 216.180795, "id": 241}, "children": [{"root": {"lat": 39.987, "lng": 116.3033812944757, "num": 24, "speed": 44.18591, "id": 242}, "children": [{"root": {"lat": 39.986999999999995, "lng": 116.30338129447567, "num": 27, "speed": 89.370695, "id": 243}}]}]}]}, {"root": {"lat": 39.7845, "lng": 116.558, "num": 0, "speed": 0, "id": 243}, "children": [{"root": {"lat": 39.783242374804445, "lng": 116.56120000000001, "num": 85, "speed": 354.45062, "id": 244}, "children": [{"root": {"lat": 39.782, "lng": 116.55567274898618, "num": 15, "speed": 4.070153, "id": 245}}]}]}, {"root": {"lat": 39.9095, "lng": 116.4556, "num": 0, "speed": 0, "id": 245}, "children": [{"root": {"lat": 39.912, "lng": 116.45629082725286, "num": 88, "speed": 79.71548, "id": 246}, "children": [{"root": {"lat": 39.9127402652149, "lng": 116.45880000000001, "num": 122, "speed": 339.225866, "id": 247}}]}]}, {"root": {"lat": 39.9195, "lng": 116.4556, "num": 0, "speed": 0, "id": 247}, "children": [{"root": {"lat": 39.920976818973294, "lng": 116.45880000000001, "num": 90, "speed": 154.254802, "id": 248}, "children": [{"root": {"lat": 39.922000000000004, "lng": 116.45722291620818, "num": 26, "speed": 329.600093, "id": 249}}]}]}, {"root": {"lat": 39.9195, "lng": 116.3532, "num": 0, "speed": 0, "id": 249}, "children": [{"root": {"lat": 39.922, "lng": 116.35469607964703, "num": 90, "speed": 170.844753, "id": 250}, "children": [{"root": {"lat": 39.92542637709401, "lng": 116.35640000000001, "num": 30, "speed": 169.323458, "id": 251}}]}]}, {"root": {"lat": 39.9145, "lng": 116.3532, "num": 0, "speed": 0, "id": 251}, "children": [{"root": {"lat": 39.91660101659716, "lng": 116.35640000000001, "num": 92, "speed": 51.657407, "id": 252}}]}, {"root": {"lat": 39.9095, "lng": 116.4108, "num": 0, "speed": 0, "id": 252}, "children": [{"root": {"lat": 39.912, "lng": 116.41189870790363, "num": 92, "speed": 204.477252, "id": 253}, "children": [{"root": {"lat": 39.927, "lng": 116.40772836610321, "num": 37, "speed": 223.041752, "id": 254}, "children": [{"root": {"lat": 39.931999999999995, "lng": 116.41255931470992, "num": 48, "speed": 599.752566, "id": 255}}]}]}]}, {"root": {"lat": 40.0495, "lng": 116.2956, "num": 0, "speed": 0, "id": 255}, "children": [{"root": {"lat": 40.047000000000004, "lng": 116.29742297790341, "num": 93, "speed": 377.172292, "id": 256}}]}, {"root": {"lat": 39.9845, "lng": 116.3084, "num": 0, "speed": 0, "id": 256}, "children": [{"root": {"lat": 39.982, "lng": 116.31080342200102, "num": 94, "speed": 1041.219188, "id": 257}, "children": [{"root": {"lat": 39.9799204778538, "lng": 116.31160000000001, "num": 114, "speed": 259.700992, "id": 258}}]}]}, {"root": {"lat": 39.8895, "lng": 116.654, "num": 0, "speed": 0, "id": 258}, "children": [{"root": {"lat": 39.890740268335456, "lng": 116.65720000000002, "num": 95, "speed": 44.13697, "id": 259}}]}, {"root": {"lat": 39.9095, "lng": 116.4748, "num": 0, "speed": 0, "id": 259}, "children": [{"root": {"lat": 39.912, "lng": 116.47655583258181, "num": 96, "speed": 266.992981, "id": 260}}]}, {"root": {"lat": 39.8945, "lng": 116.3148, "num": 0, "speed": 0, "id": 260}, "children": [{"root": {"lat": 39.892630580053385, "lng": 116.31800000000001, "num": 96, "speed": 207.348767, "id": 261}, "children": [{"root": {"lat": 39.891999999999996, "lng": 116.31684085406727, "num": 25, "speed": 493.99584, "id": 262}}]}]}, {"root": {"lat": 40.0095, "lng": 116.4748, "num": 0, "speed": 0, "id": 262}, "children": [{"root": {"lat": 40.01031495937239, "lng": 116.4588, "num": 96, "speed": 17.021382, "id": 263}}]}, {"root": {"lat": 39.8645, "lng": 116.3724, "num": 0, "speed": 0, "id": 263}, "children": [{"root": {"lat": 39.86552256768163, "lng": 116.3756, "num": 98, "speed": 459.241932, "id": 264}, "children": [{"root": {"lat": 39.86566548326761, "lng": 116.382, "num": 38, "speed": 70.78833, "id": 265}, "children": [{"root": {"lat": 39.86615944707029, "lng": 116.3884, "num": 10, "speed": 30.293164, "id": 266}, "children": [{"root": {"lat": 39.867, "lng": 116.38647740613297, "num": 29, "speed": 119.23583, "id": 267}}]}]}]}]}, {"root": {"lat": 39.9045, "lng": 116.4492, "num": 0, "speed": 0, "id": 267}, "children": [{"root": {"lat": 39.9020166127011, "lng": 116.45240000000001, "num": 104, "speed": 310.018288, "id": 268}}]}, {"root": {"lat": 40.0095, "lng": 116.462, "num": 0, "speed": 0, "id": 268}, "children": [{"root": {"lat": 40.00757686093695, "lng": 116.46520000000001, "num": 112, "speed": 110.382246, "id": 269}, "children": [{"root": {"lat": 40.002, "lng": 116.46913016920882, "num": 30, "speed": 47.808288, "id": 270}}]}]}, {"root": {"lat": 39.9795, "lng": 116.302, "num": 0, "speed": 0, "id": 270}, "children": [{"root": {"lat": 39.977000000000004, "lng": 116.30307330271685, "num": 118, "speed": 495.991805, "id": 271}}]}, {"root": {"lat": 39.9045, "lng": 116.4556, "num": 0, "speed": 0, "id": 271}, "children": [{"root": {"lat": 39.902, "lng": 116.45748317297762, "num": 136, "speed": 150.213907, "id": 272}}]}, {"root": {"lat": 39.9245, "lng": 116.6348, "num": 0, "speed": 0, "id": 272}, "children": [{"root": {"lat": 39.917, "lng": 116.62801202173115, "num": 143, "speed": 60.575903, "id": 273}}]}, {"root": {"lat": 39.9945, "lng": 116.4748, "num": 0, "speed": 0, "id": 273}, "children": [{"root": {"lat": 39.98809431802198, "lng": 116.4652, "num": 170, "speed": 251.921389, "id": 274}}]}], "len": 141}